Title,Description,Source,Fetched Date
California governor blocks landmark AI safety bill,The proposed legislation would have imposed some of the first US regulations on artificial intelligence,BBC Business,2024-09-30T07:24:30.039929
India diamond industry struggles to stave off war impact,Wars and recession in key Western markets have left Indias diamond industry workers distraught and jobless,BBC Business,2024-09-30T07:24:30.039929
Hollywoods big boom has gone bust,Productions are down by about 40 and entertainment industry employees say they cant find work,BBC Business,2024-09-30T07:24:30.039929
Flight etiquette How to avoid a midair row over reclining seats,Experts share their top tips for staying out of our fellow travellers bad books,BBC Business,2024-09-30T07:24:30.039929
Oasis ticket seller and promoter bosses get 148m,The directors got the dividend as the firm made a 118m pretax profit according to its accounts,BBC Business,2024-09-30T07:24:30.039929
McDonalds and supermarkets failed to spot slavery,Red flags went undetected as victims worked at a restaurant and a supermarket supplier in the UK BBC finds,BBC Business,2024-09-30T07:24:30.039929
Does Chinese investment benefit or damage Ireland,Ireland is home to 40 Chinese firms which some critics say harms the countrys reputation,BBC Business,2024-09-30T07:24:30.039929
The red flags that were missed or dismissed when Harrods was bought,Experts say Qatar either missed or dismissed much of what was already known about Mohamed Al Fayed at the time of the purchase,BBC Business,2024-09-30T07:24:30.039929
Mortgate rates offer US consumer relief,Ryan Dykmans says any consumer relief impacts GDP and economic growth positively,BBC Business,2024-09-30T07:24:30.039929
Its just a mess Left in limbo by US student loan logjam,As Democrats and Republicans fight over student debt borrowers are caught in the middle,BBC Business,2024-09-30T07:24:30.039929
China is part of the US election but only from one candidate,There is a stark difference in how and how often each candidate addresses the USChina relationship,BBC Business,2024-09-30T07:24:30.039929
Good Bad Billionaire,Simon Jack and Zing Tsjeng find out how the worlds billionaires made their money and then judge them Are they good bad or just another billionaire Listen to season two New episodes released on Mondays,BBC Business,2024-09-30T07:24:30.039929
How Microsoft is tackling AI bias,Microsoft is turning to AI to make its workplace more inclusive,BBC Business,2024-09-30T07:24:30.039929
Coldplay tickets resold in India for up to 10000 sparking outrage,Coldplays concerts in Mumbai sold out in minutes and now resellers are charging up to 10000 for a ticket,BBC Business,2024-09-30T07:24:30.039929
Uber terms mean couple cant sue after lifechanging crash,Ubers US terms of service which they accepted mean disputes have to be settled out of court,BBC Business,2024-09-30T07:24:30.039929
Microsoft relaunches privacy nightmare AI screenshot tool,It says it has listened to concerns about the tool which continuously screenshots online activity,BBC Business,2024-09-30T07:24:30.039929
One of a kind Scotlands poker king of Las Vegas,Niall Farrell is Scotlands top professional and plays in big tournaments around the world,BBC Business,2024-09-30T07:24:30.039929
Starmer says Tesla investment welcome after Musk row,After Elon Musk fight Sir Keir Starmer says investment from anywhere is encouraged,BBC Business,2024-09-30T07:24:30.039929
Zimbabwe knocks 40 off value of goldbacked currency,The central bank says the exchange rate allows for greater flexibility,BBC Business,2024-09-30T07:24:30.039929
Playing with FIRE How to quit work and retire in your 30s,A personal finance strategy popular among millennials is helping them to quit their job and retire decades early,BBC Business,2024-09-30T07:24:30.039929
Boomerang CEOs Do they ever succeed,Five years after being ousted from WeWork Adam Neumann wants to rebuy the nowbankrupt business,BBC Business,2024-09-30T07:24:30.039929
How industry leaders transformed their career,The BBCs Katty Kay has spoken to successful changemakers to ask what made them pivot in their career,BBC Business,2024-09-30T07:24:30.039929
Women were the original beer brewers what changed,Today the beer industry is maledominated but it wasnt always so,BBC Business,2024-09-30T07:24:30.039929
How waiting alters our perception of time,Expert advice on how to get through a waiting period,BBC Business,2024-09-30T07:24:30.039929
Do the superrich deserve their wealth,Should there be a cap on billionaires wealth and their inheritances,BBC Business,2024-09-30T07:24:30.039929
Four simple hacks to succeed in every conversation,A career coach a choreographer a chef and a dragon boat captain offer advice on giving critical feedback,BBC Business,2024-09-30T07:24:30.039929
Solo and hybrid work Navigating our future and new normal,Covid19 reshaped the way we live and work We rethink solo working and explore the future of worklife,BBC Business,2024-09-30T07:24:30.039929
Can supersonic flight ever be sustainable,How a new era of quiet net zero supersonic airliners could revolutionise the aviation industry,BBC Business,2024-09-30T07:24:30.039929
Commencement speech The surprising pitfall of your passions,Students are graduating in the US this week The commencement speeches might lead them into questionable choices,BBC Business,2024-09-30T07:24:30.039929
ASMR How whispering took over the internet,We meet the creators behind the current ASMR boom,BBC Business,2024-09-30T07:24:30.039929
A desk full of descriptions for your work colleagues,These are the long lost words youve been waiting for to describe your colleagues,BBC Business,2024-09-30T07:24:30.039929
Veterinarian suicide rates are very high Why,Veterinarian professionals are committing suicide at a higher rate than the general population,BBC Business,2024-09-30T07:24:30.039929
UK economy grew less than thought in spring,The downwards revision in growth between April and June comes ahead of next months Budget,BBC Business,2024-09-30T07:24:30.039929
House price growth at near twoyear high,Prices in September were up 32 from a year ago with terraced homes driving the rise says Nationwide,BBC Business,2024-09-30T07:24:30.039929
Playhouse perplexed by banking bungle,Virgin Money says the venue has been affected by banking transactions being wrongly labelled,BBC Business,2024-09-30T07:24:30.039929
Rates low for too long says exBank of England boss,Lord Mervyn King says inflation has now been tamed and interest rates are in the right ballpark,BBC Business,2024-09-30T07:24:30.039929
Daily Telegraph tipped to go to US bidder at auction,Britishborn Dovid Efune who owns the New York Sun is considered by several parties as the frontrunner,BBC Business,2024-09-30T07:24:30.039929
Battery storage site approved in green belt field,The site will provide standby emergency electricity for the National Grid when demand is high,BBC Business,2024-09-30T07:24:30.039929
How are nondom rules changing in the UK,The nondomicile rules let some UK residents limit the tax paid on earnings outside the country,BBC Business,2024-09-30T07:24:30.039929
UK Treasury reconsidering Labour plan for nondom tax status,The change follows concerns over how much money will be raised should wealthy foreigners leave the UK,BBC Business,2024-09-30T07:24:30.039929
Dame Judi Dench and John Cena to voice Meta AI chatbot,The firm also unveiled the first working prototype of Metas augmentedreality glasses called Orion,BBC Business,2024-09-30T07:24:30.039929
The logger who learned to love trees,Roberto Brito learned how to use a chainsaw at the age of 11 Now he uses his intimate knowledge of the Amazon rainforest to guide tourists around in his flipflops,BBC Earth,2024-09-30T07:24:30.123427
The worlds greatest unpaid debt,Should rich countries and fossil fuel companies pay for the climate losses and damages they have caused,BBC Earth,2024-09-30T07:24:30.123427
The former trash islands teeming with life,Sri Lankas capital city has transformed its polluted aquatic ecosystems into biodiverse havens for wildlife,BBC Earth,2024-09-30T07:24:30.123427
The science behind the mini moon entering Earths orbit,An asteroid is going to circle our planet for two months this autumn before going on its way,BBC Earth,2024-09-30T07:24:30.123427
Icelands hightech farm turning algae into food,A facility near the Icelandic capital Reykjavik is using innovative farming technology to grow algae,BBC Earth,2024-09-30T07:24:30.123427
The Bahamas The last lighthouse of its kind,Reece Parkinson heads to the Bahamas where he meets a community adapting to unpredictable weather patterns,BBC Earth,2024-09-30T07:24:30.123427
Protecting Thailands famous paradise beach,Lucy Hedges is in Thailand where she explores the beach made worldfamous by Hollywood,BBC Earth,2024-09-30T07:24:30.123427
The scientists drilling into an active Icelandic volcano,Scientists are preparing to drill into the rock of an Icelandic volcano to learn more about how volcanoes behave,BBC Earth,2024-09-30T07:24:30.123427
Earths spectacular and remote capital of lightning,With storms occurring between 140 to 160 nights a year its no wonder the area is a world record holder,BBC Earth,2024-09-30T07:24:30.123427
Less is more Can degrowth save the world,The degrowth movement questions the feasibility of the idea of endless economic growth on a finite planet,BBC Earth,2024-09-30T07:24:30.123427
How fixing how we farm might stop the next pandemic,Land use for food and agriculture around the world is putting pressure on climate and biodiversity,BBC Earth,2024-09-30T07:24:30.123427
How electric vehicles could improve our mental health,Noise and air pollution are major threats and EVs can therefore offer a promising solution,BBC Earth,2024-09-30T07:24:30.123427
How greening our cities can reduce heat stress,Heat is the most deadly extreme weather phenomenon and cities are seeking ways to cool their urban cores,BBC Earth,2024-09-30T07:24:30.123427
How climate chaos is threatening the real Paddington bear,Drought forces the real Paddington Bear into deadly conflict with cattle farmers in the Andes,BBC Earth,2024-09-30T07:24:30.123427
Tidal kites New technology harnessing ocean energy,These mechanical creatures lurk beneath the waters surface and power homes in the Faroe Islands,BBC Earth,2024-09-30T07:24:30.123427
Malaysias adventure hotspot that crosses seven habitats,An 11mile hike in the Bako National Park in Malaysia transports travellers through seven distinct habitats,BBC Earth,2024-09-30T07:24:30.123427
The global phenomenon swallowing whole neighbourhoods,Giant ravines Entire communities are disappearing because of an extreme form of soil erosion,BBC Earth,2024-09-30T07:24:30.123427
A tale of the US through abandoned buildings,Two urban explorers stories of decay tell a tale of a changing American cultural landscape,BBC Earth,2024-09-30T07:24:30.123427
What makes the emperor penguin an eggcellent father,In the BBC Select documentary Penguins Spy in the Huddle we explore the world of penguin fathers,BBC Earth,2024-09-30T07:24:30.123427
The floating houses that are resilient to extreme weather,The floating houses built to withstand typhoons and flooding in the Philippines,BBC Earth,2024-09-30T07:24:30.123427
What its like to camp in Antarctica,Marc Cieslak spends a night on ice camping under the stars,BBC Earth,2024-09-30T07:24:30.123427
Why sunsets on Mars are tinted blue,The reason behind the Red Planets nickname is also why its sunrises and sunsets look pale blue,BBC Earth,2024-09-30T07:24:30.123427
Molossia A small unrecognised nation within the US,With its own currency and head of state this American micronation has become an odd tourist destination,BBC Earth,2024-09-30T07:24:30.123427
How climate change is supercharging storms,Fueled by heat from ocean waters hurricanes typhoons and tropical cyclones are sometimes known as natures steam engines We need to know how they are changing,BBC Earth,2024-09-30T07:24:30.123427
The feud that brought electricity to New York,When electricity was first rolled out in New York in the late 19th Century sparks flew between competitors Today the city is attempting to complete its electric evolution,BBC Earth,2024-09-30T07:24:30.123427
How Vienna prepared itself for a 5000year flood,The steps Vienna took to prepare for extreme rainfall may hold lessons for how other cities can face deluges to come,BBC Earth,2024-09-30T07:24:30.123427
Why rivers need their curves back,For centuries meandering rivers have been straightened but experts say restoring their natural bends and curves can prevent flooding and create healthy habitats for wildlife,BBC Earth,2024-09-30T07:24:30.123427
It smells like an overflowing food bin The weird biology of the enormous corpse plant,It stands metres high takes a decade to flower smells like death and draws huge crowds when it blooms But scientists are still unravelling the baffling lifecycle of the titan arum,BBC Earth,2024-09-30T07:24:30.123427
Climate a more fundamental threat than terror Lammy,Foreign Secretary David Lammy vows to put climate change at the heart of the UKs foreign policy,BBC Earth,2024-09-30T07:24:30.123427
Which is the dirty side of a hurricane,In tropical storms location matters when it comes to what damage to expect especially if youre on the dirty side of a hurricane where winds can be up to 50 stronger,BBC Earth,2024-09-30T07:24:30.123427
Why humpback whales are changing course,The first humpback whale to return to the North Pacifics Salish Sea in decades tells a new story about the global threat to whale populations,BBC Earth,2024-09-30T07:24:30.123427
Mystery tremors were from massive nineday tsunami,Scientists launched an investigation after being baffled by seismic signals picked up across the world,BBC Earth,2024-09-30T07:24:30.123427
Warren Wilson Pioneering Los Angeles Broadcaster and Former KTLA Reporter Dies at 90,Warren Wilson whose trailblazing career saw him serve as a broadcaster in Los Angeles for more than 40 years has died He was 90 Our beloved father Warren Wilson Papa died Friday September 27th 2024 in Oxnard California his son Stanley Wilson told KTLA where his father spent 21 years as a reporter His demeanor,Hollywood Reporter,2024-09-30T07:24:31.596960
Monsters Star Cooper Koch Spoke to Erik Menendez About Netflix Series During Prison Visit,Convicted murderer Erik Menendez may have had harsh condemnation of Ryan Murphys controversial Netflix series Monsters The Lyle and Erik Menendez Story over its multifaceted portrayal of his and brother Lyle Menendezs murder of their parents in 1989 and the criminal trials that followed But the California inmate who is behind bars for life had,Hollywood Reporter,2024-09-30T07:24:31.596960
Athletes for Harris Launches With Endorsements From 15 Pro Football Hall of Famers,Kamala Harris and Tim Walz launched Athletes for Harris on Saturday with new endorsements by 15 Pro Football Hall of Famers The new campaign effort seeks to mobilize athletes and coaches across the country ahead of the 2024 presidential election in November Mel Blount Emmitt Smith Kellen Winslow Andre Tippett Marv Levy Alan Page Drew Pearson,Hollywood Reporter,2024-09-30T07:24:31.596960
Matthew Modine Talks Stanley Kubrick Trump and Why Hell be Voting for Kamala Harris,Matthew Modine who famously portrayed Private Joker in Stanley Kubricks Vietnam War classic Full Metal Jacket spent months working with the director and became a close friend Even back then like Kubrick he had clear views on war and peace Today those views are stronger than ever If Stanley were alive today with the state,Hollywood Reporter,2024-09-30T07:24:31.596960
Rachel Brosnahan Nikki Glaser Michelle Buteau and Randy Rainbow Set for Joan Rivers Tribute,Joan Rivers may be gone but shes far from forgotten Rivers has inspired a November fundraiser featuring some big names from the world of comedy all in service to one of the late icons most beloved charities Dead Funny An AllStar Tribute to Joan Rivers Benefiting Gods Love We Deliver is set to take place,Hollywood Reporter,2024-09-30T07:24:31.596960
Chappell Roan Cancels All Things Go Festival Performances as Things Have Gotten Overwhelming,Chappell Roan has canceled her planned performances in Washington DC and New York this weekend as part of the All Things Go festival The artist took to her Instagram Story to share the news and apologize to the fans who were looking forward to seeing her onstage I apologize to people who have been waiting,Hollywood Reporter,2024-09-30T07:24:31.596960
New York City Mayor Eric Adams Pleads Not Guilty to Taking Bribes and Illegal Campaign Contributions,New York City Mayor Eric Adams pleaded not guilty Friday to federal bribery charges and other counts that have roiled the nations biggest city after months of investigations searches and subpoenas Adams a Democrat entered the plea before a packed courtroom gallery in Manhattan a day after prosecutors revealed charges alleging that he accepted overseas travel and,Hollywood Reporter,2024-09-30T07:24:31.596960
Allow Grace VanderWaal to Reintroduce Herself,Grace VanderWaal won over the countrys hearts as a ukulelewielding 12yearold on Americas Got Talent Now a 20yearold singer and actress VanderWaal is preparing for a new album having released two singles in the last two months and acting in the upcoming Francis Ford Coppola film Megalopolis Just a day before the film is set,Hollywood Reporter,2024-09-30T07:24:31.596960
Naomi Campbell Barred From Being UK Charity Trustee After Discovery of Unauthorized Payments,Former supermodel Naomi Campbell has been banned from UK charity work for five years after funds were found to have been spent on luxury hotels and spa treatments British icon Campbell was a trustee for Fashion for Relief but a Charity Commission inquiry found that the company was not passing on the entirety of the,Hollywood Reporter,2024-09-30T07:24:31.596960
Finneas Says Billie Eilish Is Learning to Produce Music Without Him Shes Very Good at It,While Finneas and Billie Eilish will always be siblings they may eventually not always be producing music together During a recent interview with Guitarcom Finneas said hes been letting go of the reins some when it comes to music production for Eilish and helping her learn how to produce on her own He previously produced,Hollywood Reporter,2024-09-30T07:24:31.596960
Lady Gaga on Deep Experience With Her Joker Folie Deux Character That Inspired Harlequin Album,Lady Gaga is opening up about the inspiration behind her Joker Folie Deux companion album titled Harlequin The actresssinger recently spoke to Zane Lowe on Apple Music 1 about finding a balance between herself and her character Lee aka Harley Quinn for the album which will be released Friday and include 13 tracks I think,Hollywood Reporter,2024-09-30T07:24:31.596960
Chlo Sevigny Recalls Bringing Her Best Brat Attitude to Charli XCXs 360 Music Video,Chlo Sevigny is looking back on her ultimate Brat Summer having starred in Charli XCXs 360 music video The Monsters The Lyle and Erik Menendez Story actress recently stopped by The Tonight Show Starring Jimmy Fallon where the host asked her about her cameo in the starstudded video for one of the biggest songs of,Hollywood Reporter,2024-09-30T07:24:31.596960
The WordPress vs WP Engine drama explained,The world of WordPress one of the most popular technologies for creating and hosting websites is going through a very heated controversy The core issue is the fight between WordPress,TechCrunch,2024-09-30T07:24:31.766266
Fidelity has cut Xs value by 79 since Musk purchase,Elon Musks X is now valued at less than a quarter of its 44 billion purchase price according to a new estimate from investor Fidelity The asset manager which helped,TechCrunch,2024-09-30T07:24:31.766266
Here is whats illegal under Californias 18 and counting new AI laws,In September California Governor Gavin Newsom considered 38 AIrelated bills including the highly contentious SB 1047 which the states legislature sent to his desk for final approval He vetoed SB,TechCrunch,2024-09-30T07:24:31.766266
Gov Newsom vetoes Californias controversial AI bill SB 1047,California Governor Gavin Newsom has vetoed SB 1047 a highprofile bill that would have regulated the development of AI The bill was authored by State Senator Scott Wiener and would,TechCrunch,2024-09-30T07:24:31.766266
YouTube blocks videos from Adele Green Day Bob Dylan others in dispute with SESAC,A number of YouTube videos featuring music from artists such as Adele Green Day Bob Dylan Nirvana and REM have been unplayable in the United States since Saturday For example,TechCrunch,2024-09-30T07:24:31.766266
New York tech investor and serial entrepreneur Kevin Ryan explains when to sell your company,Kevin Ryan has had a long and storied career as a pivotal force of New York City tech Hes the founder and CEO of investment firm AlleyCorp which has invested,TechCrunch,2024-09-30T07:24:31.766266
Elastic founder on returning to open source four years after going proprietary,Licensing kerfuffles have long been a defining facet of the commercial open source space Some of the biggest vendors have switched to a more restrictive copyleft license as Grafana and Element have done or gone full proprietary as HashiCorp did last year with Terraform But one 8 billion company has,TechCrunch,2024-09-30T07:24:31.766266
How I Podcast Hyperfixeds Alex Goldman,This week Alex Goldman shares his setup A former producer for WYNCs On the Media Goldman cofounded ReplyAll with Emmanuel Dzotsi in 2014,TechCrunch,2024-09-30T07:24:31.766266
Google Pixel 9 Pro Fold Bigger mostly better,The Pixel 9 Pro Fold is back bigger and better than before with a thinner design and excellent tricamera system,TechCrunch,2024-09-30T07:24:31.766266
In wartorn Sudan a displaced startup incubator returns to fuel innovation,Businesses need stability to thrive Unfortunately for anyone in Sudan stability has been hard to come by for the past year and a half as the country quakes amidst a raging civil war More than 20000 people have been killed and about 77 million people have been displaced just within,TechCrunch,2024-09-30T07:24:31.766266
X faces additional 19M fine to end ban in Brazil,X formerly Twitter could soon resume service in Brazil if its willing to pay an additional fine Reuters and other publications have reported on an order from the countrys,TechCrunch,2024-09-30T07:24:31.766266
Meta rethinks smart glasses with Orion,Meta Connect 2024 was this week showcasing new hardware and software to support two of the companys big ambitions AI and the metaverse CEO Mark Zuckerberg announced new Quest headsets,TechCrunch,2024-09-30T07:24:31.766266
Brian Williams might host a live election night special for Amazon,Amazon Prime Video could be getting into the live news business if only for one night Variety reports that the company is in talks with longtime NBC and MSNBC news,TechCrunch,2024-09-30T07:24:31.766266
Judge is unimpressed by Apples deadline extension request in Epic Games dispute,Apple faces a looming deadline to produce what it says are more than 1 million documents related to recent App Store changes On Friday Judge Thomas S Hixson denied the,TechCrunch,2024-09-30T07:24:31.766266
Meta offers a glimpse through its supposed iPhone killer Orion,For years Silicon Valley and Wall Street have questioned Mark Zuckerbergs decision to invest tens of billions of dollars into Reality Labs This week Metas wearables division unveiled a prototype,TechCrunch,2024-09-30T07:24:31.766266
VCs expect a surge in startups offering lower rate mortgages other loans now that the Feds cut rates,When the US Feds cut interest rates by half a percentage point last week it was a dash of good news for venture capitalists backing one particularly beleaguered class of,TechCrunch,2024-09-30T07:24:31.766266
Robot hand can detach from arm crawl over to objects and pick them up,The video debuted along with a research paper of the same name at IEEEs International Conference on Robotics and Automation in Rotterdam this week,TechCrunch,2024-09-30T07:24:31.766266
Best iPad apps to boost productivity and make your life easier,There are many iPad apps to help you organize recipes sync tasks across devices be more productive and manage your notes,TechCrunch,2024-09-30T07:24:31.766266
Why Index Ventures is bulking up its investment team in NYC,While online discourse would make it seem that venture has retreated to the Bay Area with San Francisco being the most important place to build a startup Index Ventures is,TechCrunch,2024-09-30T07:24:31.766266
A Russian warlord said hell take Cybertrucks into Ukraine some experts think thats unwise,In August a Russian warlord posted a video on Telegram showing a pair of Cybertrucks patrolling a road in Chechnya armed seemingly with heavy machine guns Leaving aside unanswerable for,TechCrunch,2024-09-30T07:24:31.766266
Bathurst 1000 to decide Supercars title,Its the most iconic race on the Australian motorsport calendar and this year it could well and truly decide the Supercars championship,News AU,2024-09-30T07:24:33.381270
Broncos icon set to quit after mates axing,The shock sacking of Kevin Walters has left a key Brisbane Broncos figure shattered and considering his future at the club,News AU,2024-09-30T07:24:33.381270
Nightmare scenes blamed on Taylor Swift,Taylor Swift is coming under heavy fire from NFL pundits with the finger being pointed at her over boyfriend Travis Kelces physical change,News AU,2024-09-30T07:24:33.381270
Liam Lawson cops 10 place grid penalty,Liam Lawson already under pressure as he replaces Daniel Ricciardo has been handed a significant penalty ahead of his first race,News AU,2024-09-30T07:24:33.381270
Embarrassing vision will haunt Swans stars,An AFL great has applied the blowtorch to the Sydney Swans as several stars were called out over damning grand final moments,News AU,2024-09-30T07:24:33.381270
Shock as AFL commentator walks away,One of Australian footballs most iconic broadcast partnerships is reportedly coming to an end with a big secret leaking out,News AU,2024-09-30T07:24:33.381270
Bunker howler could have big repercussions,The NRL admits the Bunker made a mistake to disallow a Penrith try with the decision to be taken into consideration when grand final appointments are made,News AU,2024-09-30T07:24:33.381270
Storm to contest AsofaSolomona ban at fasttracked judiciary,Melbourne will contest the fourmatch suspension handed down to Nelson AsofaSolomona at the NRL judiciary in a bid to free their enforcer to play in the grand final,News AU,2024-09-30T07:24:33.381270
Injury cloud over Aussie star at World Cup,Australia easily won its first warmup game in the UAE but a pair of explosive batters are in doubt for the start of the T20 World Cup,News AU,2024-09-30T07:24:33.381270
All sweet Skipper plays down injury concerns,With Cameron Green sent home from England with a back issue seeing Mitch Marsh miss the final ODI concerned some before Travis Head was the hero again,News AU,2024-09-30T07:24:33.381270
Stunning twist in doping case for Sinner,World number one Jannik Sinner has revealed he is very disappointed over the World AntiDoping Agencys latest move in his steroid case,News AU,2024-09-30T07:24:33.381270
WADA appeals World No1s doping decision pursues ban,Jannik Sinner is very disappointed but confident after the World AntiDoping Agency appealed the decision to clear him in his steroid case seeking a ban of up to two years,News AU,2024-09-30T07:24:33.381270
Elephant in the room in Grand Final loss,The Sydney Swans have let another golden opportunity slip and theres an inescapable truth their supporters wont want to hear,News AU,2024-09-30T07:24:33.381270
Infuriating detail on AFL premiership Cup,Its the trophy every team wants to lift on Grand Final day but one missing detail continues to baffle AFL fans Now its been explained,News AU,2024-09-30T07:24:33.381270
Darts prodigy is here to win in Australia,Luke Littler has taken the darts world by storm this year and the teenager is in Australia this week determined to continue his red hot form,News AU,2024-09-30T07:24:33.381270
F1 great reveals shock mental health battle,Lewis Hamilton has opened up on the private struggles he has had for years despite his wild success on the Formula 1 grid,News AU,2024-09-30T07:24:33.381270
Vince McMahons sick plot for daughter exposed,Disgraced former WWE boss Vince McMahon has come under fire over a disgusting storyline he attempted to put his daughter in,News AU,2024-09-30T07:24:33.381270
Nathan Cleary lifts lid on wild car chase,Nathan Cleary has detailed an eyeopening moment that unfolded with the paparazzi before his relationship with Mary Fowler went public,News AU,2024-09-30T07:24:33.381270
Why underdogs are causing havoc NFL Week 4 trends,There are some stand out reasons for why the NFL season has been so chaotic in the first three weeks of the season what are the biggest reasons for underdogs dominating,News AU,2024-09-30T07:24:33.381270
Mum oblivious as 4yo girl chugs a beer,A little girl has gone viral after a video appearing to show the toddler throwing down an unusual beverage was published online,News AU,2024-09-30T07:24:33.381270
Popovic revamps Roos coaching staff,New Socceroos mentor Tony Popovic has been quick to put his personal stamp on the national teams coaching staff,News AU,2024-09-30T07:24:33.381270
Insane Postecoglou blows EPL away,Ange Postecoglou is the talk of the Premier League with a wild detail emerging from his teams demolition job on Manchester United,News AU,2024-09-30T07:24:33.381270
UFC stars celebration is pure savagery,There were grave concerns for a UFC fighter heading into her bout this weekend but she got the last laugh with a bold celebration,News AU,2024-09-30T07:24:33.381270
Scotts Cup vow after 10th loss,In his 11th attempt to help topple the USA Adam Scott had never been more confident but left another losing Presidents Cup with a big goal,News AU,2024-09-30T07:24:33.381270
SuperCoach NBL fast trades tips for Round 3,Five teams play twice in round 3 of SuperCoach NBL Which stars do you need in your team and who should be dumped ASAP Heres everything you need to know,News AU,2024-09-30T07:24:33.381270
Pitch invader knocked out cold in brutal hit,A South African pitch invader was dealt a brutal lesson over the weekend after being left out cold following a monster hit by security,News AU,2024-09-30T07:24:33.381270
Im going Wallabies convert jumps the gun,While Joseph Suaalii is now free to complete his code switch his Wallabies comments raised the eyebrows of the Aussie coach,News AU,2024-09-30T07:24:33.381270
Mr Brightside to stay in Melbourne for Cox Plate leadup,Mr Brightside wont follow major rival Pride Of Jenni to Sydney for his final Cox Plate leadup run with Lindsay Park preferring to test the gelding in a Group 1 contest at Caulfield,News AU,2024-09-30T07:24:33.381270
Teen cyclist dead after horror incident,The cycling community has been rocked with news of an 18yearold dying following a horror incident at the world championships,News AU,2024-09-30T07:24:33.381270
